"Reference","Value","Footprint","Datasheet","Description","Qty","Manufacturer","Part Number","Mouser Part Number"
"U103","STM32G031F8P6","Package_SO:TSSOP-20_4.4x6.5mm_P0.65mm","https://www.st.com/resource/en/datasheet/stm32g031f8.pdf","STMicroelectronics Arm Cortex-M0+ MCU, 64KB flash, 8KB RAM, 64 MHz, 1.7-3.6V, 18 GPIO, TSSOP20","1","STMicroelectronics","STM32G031F8P6","511-STM32G031F8P6"
"R103","470","Resistor_SMD:R_0603_1608Metric","~","SMD 0603 470Ohm 5% 1/4W AEC-Q200","1","Panasonic","ERJ-UP3J471V","667-ERJ-UP3J471V"
"R202,R302,R402,R502","33","Resistor_SMD:R_0603_1608Metric","~","SMD 0603 33Ohm 1% 1/8W AEC-Q200","4","Panasonic","ERJ-H3EF33R0V","667-ERJ-H3EF33R0V"
"R203,R204,R205,R206,R207,R208,R209,R210,R211,R212,R213,R214,R215,R216,R217,R218,R303,R304,R305,R306,R307,R308,R309,R310,R311,R312,R313,R314,R315,R316,R317,R318,R403,R404,R405,R406,R407,R408,R409,R410,R411,R412,R413,R414,R415,R416,R417,R418,R503,R504,R505,R506,R507,R508,R509,R510,R511,R512,R513,R514,R515,R516,R517,R518","10K","Resistor_SMD:R_0603_1608Metric","~","SMD 0603 10KOhm 5% 1/4W AEC-Q200","64","Panasonic","ERJ-UP3J103V","667-ERJ-UP3J103V"
"R101,R102,R201,R301,R401,R501","10K","Resistor_SMD:R_0603_1608Metric","~","SMD 0603 10KOhm 1% 1/8W AEC-Q200","6","Panasonic","ERJ-H3EF1002V","667-ERJ-H3EF1002V"
"D102,D202,D203,D204,D205,D206,D207,D208,D209,D210,D211,D212,D213,D214,D215,D216,D217,D302,D303,D304,D305,D306,D307,D308,D309,D310,D311,D312,D313,D314,D315,D316,D317,D402,D403,D404,D405,D406,D407,D408,D409,D410,D411,D412,D413,D414,D415,D416,D417,D502,D503,D504,D505,D506,D507,D508,D509,D510,D511,D512,D513,D514,D515,D516,D517","RED","LED_SMD:LED_0603_1608Metric","~","Single Color LEDs Red Clear 621nm","65","LITEON","LTST-C190EKT","859-LTST-C190EKT"
"RN203,RN204,RN303,RN304,RN403,RN404,RN503,RN504","8x 47R","Resistor_SMD:R_Array_Convex_8x0602","~","Resistor Array Convex 8x0602 47Ohm 5% AEC-Q200","8","Panasonic","EXB-2HV470JV","667-EXB-2HV470JV"
"RN201,RN202,RN301,RN302,RN401,RN402,RN501,RN502","8x 100K","Resistor_SMD:R_Array_Convex_8x0602","~","Resistor Array Convex 8x0602 100KOhm 5% AEC-Q200","8","Panasonic","EXB-2HV104JV","667-EXB-2HV104JV"
"U202,U203,U302,U303,U402,U403,U502,U503","TBD62083AFNG","Package_SO:SSOP-18_4.4x6.5mm_P0.65mm","https://toshiba.semicon-storage.com/info/datasheet_en_20160511.pdf?did=29893","Gate Drivers DMOS Transistor Array 8-CH, 50V/0.5A","8","Toshiba","TBD62083AFNG,EL","757-TBD62083AFNGEL"
"J101","PT 1,5/4-3,5-H","Project_Library:TerminalBlock_Phoenix_PT-1,5-4-3.5-H_1x04_P3.50mm_Horizontal_No_SilkScreen","~","Fixed Terminal Blocks PT 1.5/4-3.5H","1","Phoenix Contact","1984633","651-1984633"
"J201,J301,J401,J501","PT 1,5/20-3,5-H","Project_Library:TerminalBlock_Phoenix_PT-1,5-20-3.5-H_1x20_P3.50mm_Horizontal_No_SilkScreen","~","Fixed Terminal Blocks PT 1.5/20-3.5H","4","Phoenix Contact","1709678","651-1709678"
"D201,D301,D401,D501","SACB50","Diode_SMD:D_SMB","https://www.littelfuse.com/assetdocs/tvs-diodes-sacb-series-datasheet?assetguid=A6DA524D-0146-4221-89B7-E8A90C8E2DA7","ESD Protection Diodes / TVS Diodes TVS 500W 50V","4","Littelfuse","SACB50","576-SACB50"
"C201,C301,C401,C501","100u","Capacitor_SMD:CP_Elec_8x10","~","Aluminum Electrolytic Capacitors - SMD 100UF 63V 20%","4","Nichicon","UCM1J101MNL1GS","647-UCM1J101MNL1GS"
"D101","SM712-02HTG","Package_TO_SOT_SMD:SOT-23","https://www.littelfuse.com/~/media/electronics/datasheets/tvs_diode_arrays/littelfuse_tvs_diode_array_sm712_datasheet.pdf.pdf","7V/12V, 600W Asymmetrical TVS Diode Array, SOT-23","1","Littelfuse","SM712-02HTG","576-SM712-02HTG"
"U102","THVD1450DRBR","Package_SON:VSON-8-1EP_3x3mm_P0.65mm_EP1.6x2.4mm","https://www.ti.com/lit/ds/symlink/thvd1450.pdf","3.3-V to 5-V RS-485 transceiver with ±18-kV IEC ESD protection, VSON-8","1","Texas Instruments","THVD1450DRBR","595-THVD1450DRBR"
"C104,C203,C303,C403,C503","2.2u","Capacitor_SMD:C_0603_1608Metric","~","2.2 uF 50 VDC 10% 0603 X5R AEC-Q200","5","Murata","GRT188R61H225KE13D","81-GRT188R61H225KE3D"
"U101","R-78E3.3-1.0","Converter_DCDC:Converter_DCDC_RECOM_R-78E-0.5_THT","https://www.recom-power.com/pdf/Innoline/R-78Exx-1.0.pdf","1A Step-Down DC/DC-Regulator, 6-28V input, 3.3V fixed Output Voltage, LM78xx replacement, -40°C to +85°C, SIP3","1","RECOM","R-78E3.3-1.0","919-R-78E3.3-1.0"
"U201,U301,U401,U501","MCP23S17T-E/SS","Package_SO:SSOP-28_5.3x10.2mm_P0.65mm","http://ww1.microchip.com/downloads/en/DeviceDoc/20001952C.pdf","16-bit I/O expander, SPI, interrupts, w pull-ups, SSOP-28","4","Microchip","MCP23S17T-E/SS","579-MCP23S17T-E/SS"
"C101,C102","10u","Capacitor_SMD:C_1206_3216Metric","~","10 uF 50 VDC 10% 1206 X5R AEC-Q200","2","Murata","GRT31CR61H106KE01L","81-GRT31CR61H106KE1L"
"C205,C207,C305,C307,C405,C407,C505,C507","1u","Capacitor_SMD:C_0603_1608Metric","~","1 uF 50 VDC 10% 0603 X5R AEC-Q200","8","Murata","GRT188R61H105KE13D","81-GRT188R61H105KE3D"
"C103,C105,C106,C202,C204,C206,C208,C302,C304,C306,C308,C402,C404,C406,C408,C502,C504,C506,C508","0.1u","Capacitor_SMD:C_0603_1608Metric","~","0.1 uF 50 VDC 10% 0603 X7R AEC-Q200","19","Murata","GCJ188R71H104KA12D","81-GCJ188R71H104KA2D"
